{
  "factory": {
    "en": "They build our idols. See the machine — not the myth.",
    "es": "Fabrican nuestros ídolos. Ve la máquina — no el mito.",
    "fr": "Ils fabriquent nos idoles. Regarde la machine — pas le mythe.",
    "de": "Sie bauen unsere Idole. Schau die Maschine — nicht den Mythos.",
    "ru": "Они создают наших кумиров. Смотри на машину — не на миф.",
    "zh": "他们打造我们的偶像。看清机器——别被神话蒙蔽。",
    "ar": "هم يصنعون أصنامنا. انظر إلى الآلة — ليس إلى الأسطورة.",
    "hi": "वे हमारे بت बनाते हैं। मशीन देखो — मिथक नहीं.",
    "el": "Φτιάχνουν τα είδωλά μας. Δες τη μηχανή — όχι το μύθο."
  },
  "spell": {
    "en": "The feed is the altar. What keeps you scrolling keeps you captive.",
    "es": "El feed es el altar. Lo que te mantiene desplazando te mantiene cautivo.",
    "fr": "Le fil est l’autel. Ce qui te fait scroller te maintient captif.",
    "de": "Der Feed ist der Altar. Was dich scrollen hält, hält dich gefangen.",
    "ru": "Лента — это алтарь. То, что заставляет тебя листать, держит тебя в плену.",
    "zh": "信息流即祭坛。让你不停刷屏的就是你的枷锁。",
    "ar": "الخلاصة هي المذبح. ما يجعلك تتصفح يبقِيك أسيراً.",
    "hi": "फ़ीड ही वेदी है। जो आपको स्क्रोल कराता है, वही आपको बँधक बनाता है。",
    "el": "Το feed είναι ο βωμός. Αυτό που σε κρατά να σκρολάρεις σε κρατά δέσμιο."
  },
  "crack": {
    "en": "One crack breaks the illusion. The rest is choice.",
    "es": "Una grieta rompe la ilusión. El resto es elección.",
    "fr": "Une fissure brise l’illusion. Le reste est un choix.",
    "de": "Ein Riss bricht die Illusion. Der Rest ist eine Wahl.",
    "ru": "Одна трещина разрушает иллюзию. Остальное — выбор.",
    "zh": "一道裂缝击碎幻象。其余由你选择。",
    "ar": "شق واحد يكسر الوهم. الباقي اختيارك.",
    "hi": "एक दरार भ्रम तोड़ देती है। बाकी तुम्हारे फैसले पर है।",
    "el": "Μια ρωγμή σπάει την ψευδαίσθηση. Τα υπόλοιπα είναι επιλογή."
  },
  "truelight": {
    "en": "When the gaze rises, the idols collapse. Choose the light.",
    "es": "Cuando la mirada se eleva, los ídolos colapsan. Elige la luz.",
    "fr": "Quand le regard s’élève, les idoles s’effondrent. Choisis la lumière.",
    "de": "Wenn der Blick aufsteigt, stürzen die Idole. Wähle das Licht.",
    "ru": "Когда взгляд поднимается — идолы рушатся. Выбери свет.",
    "zh": "当目光抬起，偶像便崩塌。选择光明。",
    "ar": "عندما يرتفع البصر تنهار الأصنام. اختر النور.",
    "hi": "जब नज़र उठेगी, بت ढह जाएंगे। प्रकाश चुनें।",
    "el": "Όταν το βλέμμα ανεβαίνει, τα είδωλα καταρρέουν. Διάλεξε το φως."
  }
}